# -----------------------------------------------------------
# PHP-Amateur database backup files
# Blog: http://blog.51edm.org
# Type: 管理员后台手动备份
# Description:当前SQL文件包含了表：oa_access、oa_admin、oa_app、oa_category、oa_dept、oa_member、oa_news、oa_node、oa_role、oa_role_user的结构信息，表：oa_access、oa_admin、oa_app、oa_category、oa_dept、oa_member、oa_news、oa_node、oa_role、oa_role_user的数据
# Time: 2013-08-26 17:39:59
# -----------------------------------------------------------
# 当前SQL卷标：#1
# -----------------------------------------------------------


# 数据库表：oa_access 结构信息
DROP TABLE IF EXISTS `oa_access`;
CREATE TABLE `oa_access` (
  `role_id` smallint(6) unsigned NOT NULL,
  `node_id` smallint(6) unsigned NOT NULL,
  `level` tinyint(1) NOT NULL,
  `pid` smallint(6) DEFAULT NULL,
  `module` varchar(50) DEFAULT NULL,
  KEY `groupId` (`role_id`),
  KEY `nodeId` (`node_id`)
) ENGINE=MyISAM DEFAULT CHARSET=utf8 COMMENT='权限分配表' ;

# 数据库表：oa_admin 结构信息
DROP TABLE IF EXISTS `oa_admin`;
CREATE TABLE `oa_admin` (
  `id` int(11) NOT NULL AUTO_INCREMENT,
  `username` varchar(20) DEFAULT NULL COMMENT '登陆账号',
  `nickname` varchar(20) DEFAULT NULL COMMENT '真是姓名',
  `email` varchar(50) DEFAULT NULL COMMENT '用户邮箱',
  `pwd` char(32) DEFAULT NULL COMMENT '登录密码',
  `status` tinyint(11) DEFAULT '1' COMMENT '账号状态',
  `remark` varchar(255) DEFAULT '' COMMENT '备注信息',
  `find_code` char(5) DEFAULT NULL COMMENT '找回账号验证码',
  `time` int(10) DEFAULT NULL COMMENT '开通时间',
  `deptid` int(10) DEFAULT NULL COMMENT '所属部门',
  PRIMARY KEY (`id`)
) ENGINE=MyISAM AUTO_INCREMENT=9 DEFAULT CHARSET=utf8 COMMENT='网站后台管理员表' ;

# 数据库表：oa_app 结构信息
DROP TABLE IF EXISTS `oa_app`;
CREATE TABLE `oa_app` (
  `id` int(11) NOT NULL AUTO_INCREMENT,
  `title` varchar(50) DEFAULT NULL,
  `url` varchar(50) DEFAULT NULL,
  `token` varchar(50) DEFAULT NULL,
  `updatetime` int(11) DEFAULT NULL,
  PRIMARY KEY (`id`)
) ENGINE=MyISAM AUTO_INCREMENT=2 DEFAULT CHARSET=utf8 COMMENT='子系统应用' ;

# 数据库表：oa_category 结构信息
DROP TABLE IF EXISTS `oa_category`;
CREATE TABLE `oa_category` (
  `cid` int(5) NOT NULL AUTO_INCREMENT,
  `pid` int(5) DEFAULT NULL COMMENT 'parentCategory上级分类',
  `name` varchar(20) DEFAULT NULL COMMENT '分类名称',
  PRIMARY KEY (`cid`)
) ENGINE=MyISAM AUTO_INCREMENT=49 DEFAULT CHARSET=utf8 ROW_FORMAT=DYNAMIC COMMENT='新闻分类表' ;

# 数据库表：oa_dept 结构信息
DROP TABLE IF EXISTS `oa_dept`;
CREATE TABLE `oa_dept` (
  `id` int(11) NOT NULL AUTO_INCREMENT,
  `name` varchar(20) NOT NULL COMMENT '部门名称',
  `pid` int(11) unsigned NOT NULL DEFAULT '0' COMMENT '上级部门id',
  `level` tinyint(11) unsigned NOT NULL COMMENT 'level',
  `director` int(11) DEFAULT NULL COMMENT '部门主管id',
  `leader` int(11) DEFAULT NULL COMMENT '上级领导id',
  `status` tinyint(1) DEFAULT '1' COMMENT '状态',
  `remark` varchar(255) DEFAULT NULL,
  PRIMARY KEY (`id`)
) ENGINE=MyISAM AUTO_INCREMENT=18 DEFAULT CHARSET=utf8 ;

# 数据库表：oa_member 结构信息
DROP TABLE IF EXISTS `oa_member`;
CREATE TABLE `oa_member` (
  `uid` int(11) NOT NULL AUTO_INCREMENT,
  `weibo_uid` varchar(15) DEFAULT NULL COMMENT '对应的新浪微博uid',
  `tencent_uid` varchar(20) DEFAULT NULL COMMENT '腾讯微博UID',
  `email` varchar(100) DEFAULT NULL COMMENT '邮箱地址',
  `nickname` varchar(20) DEFAULT NULL COMMENT '用户昵称',
  `pwd` char(32) DEFAULT NULL COMMENT '密码',
  `reg_date` int(10) DEFAULT NULL,
  `reg_ip` char(15) DEFAULT NULL COMMENT '注册IP地址',
  `verify_status` int(1) DEFAULT '0' COMMENT '电子邮件验证标示 0未验证，1已验证',
  `verify_code` varchar(32) DEFAULT NULL COMMENT '电子邮件验证随机码',
  `verify_time` int(10) DEFAULT NULL COMMENT '邮箱验证时间',
  `verify_exp_time` int(10) DEFAULT NULL COMMENT '验证邮件过期时间',
  `find_fwd_code` varchar(32) DEFAULT NULL COMMENT '找回密码验证随机码',
  `find_pwd_time` int(10) DEFAULT NULL COMMENT '找回密码申请提交时间',
  `find_pwd_exp_time` int(10) DEFAULT NULL COMMENT '找回密码验证随机码过期时间',
  `avatar` varchar(100) DEFAULT NULL COMMENT '用户头像',
  `birthday` int(10) DEFAULT NULL COMMENT '用户生日',
  `sex` int(1) DEFAULT NULL COMMENT '0女1男',
  `address` varchar(50) DEFAULT NULL COMMENT '地址',
  `province` varchar(100) DEFAULT NULL COMMENT '省份',
  `city` varchar(100) DEFAULT NULL COMMENT '城市',
  `intr` varchar(500) DEFAULT NULL COMMENT '个人介绍',
  `mobile` varchar(11) DEFAULT NULL COMMENT '手机号码',
  `phone` varchar(30) DEFAULT NULL COMMENT '电话',
  `fax` varchar(30) DEFAULT NULL,
  `qq` int(15) DEFAULT NULL,
  `msn` varchar(100) DEFAULT NULL,
  `login_ip` varchar(15) DEFAULT NULL COMMENT '登录ip',
  `login_time` int(10) DEFAULT NULL COMMENT '登录时间',
  PRIMARY KEY (`uid`)
) ENGINE=MyISAM AUTO_INCREMENT=350 DEFAULT CHARSET=utf8 ROW_FORMAT=DYNAMIC COMMENT='网站前台会员表' ;

# 数据库表：oa_news 结构信息
DROP TABLE IF EXISTS `oa_news`;
CREATE TABLE `oa_news` (
  `id` mediumint(8) NOT NULL AUTO_INCREMENT,
  `cid` smallint(3) DEFAULT NULL COMMENT '所在分类',
  `title` varchar(200) DEFAULT NULL COMMENT '新闻标题',
  `keywords` varchar(50) DEFAULT NULL COMMENT '文章关键字',
  `description` mediumtext COMMENT '文章描述',
  `status` tinyint(1) DEFAULT NULL,
  `summary` varchar(255) DEFAULT NULL COMMENT '文章摘要',
  `published` int(10) DEFAULT NULL,
  `update_time` int(10) DEFAULT NULL,
  `content` text,
  `aid` smallint(3) DEFAULT NULL COMMENT '发布者UID',
  PRIMARY KEY (`id`)
) ENGINE=MyISAM AUTO_INCREMENT=4 DEFAULT CHARSET=utf8 COMMENT='新闻表' ;

# 数据库表：oa_node 结构信息
DROP TABLE IF EXISTS `oa_node`;
CREATE TABLE `oa_node` (
  `id` smallint(6) unsigned NOT NULL AUTO_INCREMENT,
  `name` varchar(20) NOT NULL,
  `title` varchar(50) DEFAULT NULL,
  `status` tinyint(1) DEFAULT '0',
  `remark` varchar(255) DEFAULT NULL,
  `sort` smallint(6) unsigned DEFAULT NULL,
  `pid` smallint(6) unsigned NOT NULL,
  `level` tinyint(1) unsigned NOT NULL,
  PRIMARY KEY (`id`),
  KEY `level` (`level`),
  KEY `pid` (`pid`),
  KEY `status` (`status`),
  KEY `name` (`name`)
) ENGINE=MyISAM AUTO_INCREMENT=52 DEFAULT CHARSET=utf8 COMMENT='权限节点表' ;

# 数据库表：oa_role 结构信息
DROP TABLE IF EXISTS `oa_role`;
CREATE TABLE `oa_role` (
  `id` smallint(6) unsigned NOT NULL AUTO_INCREMENT,
  `name` varchar(20) NOT NULL,
  `pid` smallint(6) DEFAULT NULL,
  `status` tinyint(1) unsigned DEFAULT NULL,
  `remark` varchar(255) DEFAULT NULL,
  PRIMARY KEY (`id`),
  KEY `pid` (`pid`),
  KEY `status` (`status`)
) ENGINE=MyISAM AUTO_INCREMENT=8 DEFAULT CHARSET=utf8 COMMENT='权限角色表' ;

# 数据库表：oa_role_user 结构信息
DROP TABLE IF EXISTS `oa_role_user`;
CREATE TABLE `oa_role_user` (
  `role_id` mediumint(9) unsigned DEFAULT NULL,
  `user_id` char(32) DEFAULT NULL,
  KEY `group_id` (`role_id`),
  KEY `user_id` (`user_id`)
) ENGINE=MyISAM DEFAULT CHARSET=utf8 COMMENT='用户角色表' ;



# 数据库表：oa_access 数据信息
INSERT INTO `oa_access` VALUES ('2','37','3','32','');
INSERT INTO `oa_access` VALUES ('2','36','3','32','');
INSERT INTO `oa_access` VALUES ('2','35','3','32','');
INSERT INTO `oa_access` VALUES ('2','34','3','32','');
INSERT INTO `oa_access` VALUES ('2','33','3','32','');
INSERT INTO `oa_access` VALUES ('2','32','2','1','');
INSERT INTO `oa_access` VALUES ('2','31','3','26','');
INSERT INTO `oa_access` VALUES ('2','30','3','26','');
INSERT INTO `oa_access` VALUES ('2','29','3','26','');
INSERT INTO `oa_access` VALUES ('2','28','3','26','');
INSERT INTO `oa_access` VALUES ('2','8','3','14','');
INSERT INTO `oa_access` VALUES ('2','14','2','1','');
INSERT INTO `oa_access` VALUES ('2','13','3','4','');
INSERT INTO `oa_access` VALUES ('2','12','3','4','');
INSERT INTO `oa_access` VALUES ('2','11','3','4','');
INSERT INTO `oa_access` VALUES ('2','10','3','4','');
INSERT INTO `oa_access` VALUES ('2','4','2','1','');
INSERT INTO `oa_access` VALUES ('2','7','3','3','');
INSERT INTO `oa_access` VALUES ('2','3','2','1','');
INSERT INTO `oa_access` VALUES ('2','47','3','2','');
INSERT INTO `oa_access` VALUES ('3','6','3','2','');
INSERT INTO `oa_access` VALUES ('3','5','3','2','');
INSERT INTO `oa_access` VALUES ('3','2','2','1','');
INSERT INTO `oa_access` VALUES ('3','1','1','0','');
INSERT INTO `oa_access` VALUES ('2','38','3','32','');
INSERT INTO `oa_access` VALUES ('4','6','3','2','');
INSERT INTO `oa_access` VALUES ('4','5','3','2','');
INSERT INTO `oa_access` VALUES ('4','2','2','1','');
INSERT INTO `oa_access` VALUES ('4','1','1','0','');
INSERT INTO `oa_access` VALUES ('2','27','3','26','');
INSERT INTO `oa_access` VALUES ('2','26','2','1','');
INSERT INTO `oa_access` VALUES ('2','46','3','14','');
INSERT INTO `oa_access` VALUES ('2','25','3','14','');
INSERT INTO `oa_access` VALUES ('2','24','3','14','');
INSERT INTO `oa_access` VALUES ('2','23','3','14','');
INSERT INTO `oa_access` VALUES ('2','22','3','14','');
INSERT INTO `oa_access` VALUES ('2','21','3','14','');
INSERT INTO `oa_access` VALUES ('2','20','3','14','');
INSERT INTO `oa_access` VALUES ('2','19','3','14','');
INSERT INTO `oa_access` VALUES ('2','18','3','14','');
INSERT INTO `oa_access` VALUES ('2','17','3','14','');
INSERT INTO `oa_access` VALUES ('2','16','3','14','');
INSERT INTO `oa_access` VALUES ('2','15','3','14','');
INSERT INTO `oa_access` VALUES ('2','9','3','14','');
INSERT INTO `oa_access` VALUES ('2','6','3','2','');
INSERT INTO `oa_access` VALUES ('2','5','3','2','');
INSERT INTO `oa_access` VALUES ('2','2','2','1','');
INSERT INTO `oa_access` VALUES ('2','1','1','0','');
INSERT INTO `oa_access` VALUES ('2','39','3','32','');
INSERT INTO `oa_access` VALUES ('2','40','3','32','');
INSERT INTO `oa_access` VALUES ('2','41','3','32','');
INSERT INTO `oa_access` VALUES ('2','42','3','32','');
INSERT INTO `oa_access` VALUES ('2','43','3','32','');
INSERT INTO `oa_access` VALUES ('2','44','3','32','');


# 数据库表：oa_admin 数据信息
INSERT INTO `oa_admin` VALUES ('1','superadmin','超级管理员','mail@zhangxiao.org','c22b51599a927c559f165b635efa5580','1','超级管理员，默认拥有系统所有权限','','1376961774','');
INSERT INTO `oa_admin` VALUES ('8','michaelzx','张三','','c22b51599a927c559f165b635efa5580','1','普通管理员账号','','1377228525','0');


# 数据库表：oa_app 数据信息
INSERT INTO `oa_app` VALUES ('1','测试应用','http://www.a.com','a123','');


# 数据库表：oa_category 数据信息
INSERT INTO `oa_category` VALUES ('24','22','理财资讯');
INSERT INTO `oa_category` VALUES ('14','13','私募动态');
INSERT INTO `oa_category` VALUES ('1','0','信托计划');
INSERT INTO `oa_category` VALUES ('23','22','行业动态');
INSERT INTO `oa_category` VALUES ('8','6','募资资讯');
INSERT INTO `oa_category` VALUES ('2','1','行业新闻');
INSERT INTO `oa_category` VALUES ('9','6','上市资讯');
INSERT INTO `oa_category` VALUES ('6','0','PE');
INSERT INTO `oa_category` VALUES ('21','18','债券公告');
INSERT INTO `oa_category` VALUES ('15','13','私募人物');
INSERT INTO `oa_category` VALUES ('16','13','私募视点');
INSERT INTO `oa_category` VALUES ('26','22','监管动态');
INSERT INTO `oa_category` VALUES ('13','0','阳光私募');
INSERT INTO `oa_category` VALUES ('17','13','私募研究');
INSERT INTO `oa_category` VALUES ('10','6','大佬语录');
INSERT INTO `oa_category` VALUES ('12','6','投资人生');
INSERT INTO `oa_category` VALUES ('27','0','券商');
INSERT INTO `oa_category` VALUES ('4','1','信托渠道');
INSERT INTO `oa_category` VALUES ('20','18','债市研究');
INSERT INTO `oa_category` VALUES ('18','0','债券');
INSERT INTO `oa_category` VALUES ('25','22','观点评论');
INSERT INTO `oa_category` VALUES ('5','1','行业研究');
INSERT INTO `oa_category` VALUES ('11','6','投资人物');
INSERT INTO `oa_category` VALUES ('28','27','行业动态');
INSERT INTO `oa_category` VALUES ('30','27','行业研究');
INSERT INTO `oa_category` VALUES ('22','0','银行');
INSERT INTO `oa_category` VALUES ('3','1','机构动态');
INSERT INTO `oa_category` VALUES ('7','6','行业动态');
INSERT INTO `oa_category` VALUES ('29','27','研究动态');
INSERT INTO `oa_category` VALUES ('19','18','债券要闻');
INSERT INTO `oa_category` VALUES ('31','6','收购并购');


# 数据库表：oa_dept 数据信息
INSERT INTO `oa_dept` VALUES ('1','温州市图书馆','0','1','0','0','1','');
INSERT INTO `oa_dept` VALUES ('2','行政部','1','2','0','0','1','');
INSERT INTO `oa_dept` VALUES ('3','业务部','1','2','0','0','1','');
INSERT INTO `oa_dept` VALUES ('4','综合部','1','2','0','0','1','');
INSERT INTO `oa_dept` VALUES ('5','分馆','1','2','0','0','1','');
INSERT INTO `oa_dept` VALUES ('6','古籍部','1','2','0','0','1','');
INSERT INTO `oa_dept` VALUES ('7','采编部','1','2','0','0','1','');
INSERT INTO `oa_dept` VALUES ('8','拓展部','1','2','0','0','1','');
INSERT INTO `oa_dept` VALUES ('9','活动部','1','2','0','0','1','');
INSERT INTO `oa_dept` VALUES ('10','技术部','1','2','0','0','1','');
INSERT INTO `oa_dept` VALUES ('11','读者服务部','1','2','0','0','1','');
INSERT INTO `oa_dept` VALUES ('12','社会教育部','1','2','0','0','1','');
INSERT INTO `oa_dept` VALUES ('13','资源建设部','1','2','0','0','1','');
INSERT INTO `oa_dept` VALUES ('14','地方文献部','1','2','0','0','1','');


# 数据库表：oa_member 数据信息


# 数据库表：oa_news 数据信息
INSERT INTO `oa_news` VALUES ('2','9','二季度房地产信托兑付超千亿 PE伺机接盘 ','','随着安信信托、中信信托等多家信托公司曝出房地产信托计划的兑付风险，部分房地产投资私募基金(PE)已在其中看到了机会。','0','<div class="content"><p>随着安信<a href="http://licai.so/Trust/" target="_blank">信托</a>、<a href="http://licai.so/Trust/agency-1061/" target="_blank">中信信托</a>等多家信托公司曝出房地产信托计划的兑付风险，部分房地产投资<a href="http...','1363141340','0','<div class="content"><p>随着安信<a href="http://licai.so/Trust/" target="_blank">信托</a>、<a href="http://licai.so/Trust/agency-1061/" target="_blank">中信信托</a>等多家信托公司曝出房地产信托计划的兑付风险，部分房地产投资<a href="http://licai.so/Simu/" target="_blank">私募</a>基金(<a href="http://licai.so/Pe/" target="_blank">PE</a>)已在其中看到了机会。</p><br /><p>《每日经济新闻》记者了解到，2013年房地产信托兑付压力远超2012年，其中，兑付顶峰将出现在2013年第二季度，届时全国房地产信托兑付的总规模将超过1000亿元。通过信托融资的中小房地产企业将不得不面对资金上的窘境，而这对资金充裕的PE来说，无疑将是一次“捡馅饼”的机会。</p><br /><p>风险频现挑战“刚性兑付”/</p><br /><p>上周五(3月8日)，据《21世纪经济报道》称，<a href="http://licai.so/Trust/agency-1002/" target="_blank">安信信托</a>因为“昆山·联邦国际资产收益财产权信托”的融资方昆山纯高投资开发有限公司无法支付到期本金，已对纯高公司进行了起诉。</p><br /><p>不过，安信信托在当日发布澄清公告称，2009年9月24日，安信信托发起并设立了总规模为人民币62700万元的“昆山-联邦国际”资产收益财产权信托。但是到2012年9月18日，昆山纯高投资开发有限公司作为信托交易文件项下借款人未能按时足额偿还信托借款。</p><br /><p>为此，安信信托已向上海市第二中级人民法院提起金融借款纠纷诉讼。并且“根据信托文件约定，信托期限已自动延长，最长至2013年9月24日。”</p><br /><p>安信信托董办工作人员称，目前信托计划已经延期了,但是公司确实已进行了部分兑付。</p><br /><p>一位信托行业人士表示，项目出了问题，信托公司一般都会先托着，但如果真的出现较大的问题，这样做就会有很大风险。</p><br /><p>事实上，信托行业的“刚性兑付”此前就已经遇到了挑战。今年1月份，中信信托关于三峡全通的贷款资金兑付问题就已引起业界震动。</p><br /><p>资料显示，中信信托于2011年12月28日发起设立，“中信制造三峡全通贷款集合资金信托计划”分4次募集信托本金共计人民币13.335亿元，为三峡全通发放流动资金贷款。</p><br /><p>三峡全通公司应当于2013年1月14日和16日分别偿还贷款本息11855万元和47247万元。中信信托称，“截至2013年1月28日，本信托计划信托专户仍未收到该两期应收本息及违约金。”因此公司决定存续的优先级信托受益权的到期日延期3个月。</p><br /><p>而中信信托方面已表示，将不会去进行刚性兑付。业界认为该事件可能成信托业首个打破刚性兑付 “行规”的案例。</p><br /><p>二季度迎新一波兑付潮/</p><br /><p>虽然信托行业已经度过了此前预期兑付风险较大的2012年。但是到了2013年，房地产信托仍然面临较大的兑付压力。</p><br /><p>据北京恒天财富相关数据统计，2013年房地产信托面临兑付本息达2800亿元，远超过2012年的1759亿元。其中，兑付顶峰将出现在2013年第二季度，届时全国房地产信托兑付的总规模将达到1301亿元。</p><br /><p>另据新时代证券发布的研报，根据每月的成立规模与月平均期限测算，2013年房地产信托到期兑付规模将达2847.9亿元，其中二季度达1247.6亿元。</p><br /><p>上海一家信托公司项目经理接受《每日经济新闻》记者采访时表示，“在房地产信托计划的兑付中，中小房地产企业的压力要大得多。他们的融资原本就比大型的房地产企业要难，风险也相对要高一些。”</p><br /><p><a href="http://licai.so/Simu/200287/" target="_blank">诺亚财富</a>研究部李要深则对《每日经济新闻》记者表示，目前总体来说，房地产信托没有太大的问题，相比前两年，规模和占比已经下降很多，处在一个相对安全的范围，并且房地产信托一般都有较好的抵押物。</p><br /><p>事实上，今年以来，房地产信托发展速度仍然较快。用益信托数据显示，2月份共成立房地产信托52款，募集资金162.95亿元，占总成立规模的33.98%，高于上个月29.49%的占比，较去年23%左右的占比更是显著增加。</p><br /><p>PE伺机而动</p><br /><p>对资金充裕的PE来说，房地产信托接盘的时机也可能就在今年。</p><br /><p>“房地产公司现在都缺钱，尤其是中小房地产企业，更是困难。从目前的角度来看，这块的投资价值逐渐显现出来了。”某股权投资基金相关人士称，PE投资接盘的条件主要还是看具体的项目。</p><br /><p>“从实际情况看，房地产信托有兑付风险的项目眼下还不多，只是根据趋势判断，今年的投资将有很大的操作空间，也就是找一些缺资金、项目优质的企业合作。”上述股权投资基金人士表示。</p><br /><p>据《每日经济新闻》记者不完全统计，在即将到期的房地产信托项目中，北京、上海等一线城市的项目数量有限，而鄂尔多斯、青岛等二线城市项目则多一些。</p><br /><p>上述股权投资基金人士介绍，与房地产企业的合作，模式是多种多样的。“最简单的是折价收购整个项目，然而分拆出售，但是这对PE公司的资金实力和运作的要求很高。另外，不同PE主体的参与模式也不一样。<a href="http://licai.so/Jgzl/" target="_blank">金融机构</a>发起的地产基金主要是做债权，和信托公司联合发起信托型基金，这是一种‘类信托’的融资模式;大型房地产企业则更愿意做股权融资，进行大鱼吃小鱼的行业整合。”</p><br /><p>此前有消息称，万科、金地、华润、复兴为代表的房地产集团都在旗下设立PE投资公司，通过股权融资扩大行业版图。</p><br /><p>不过，上述股权投资基金人士也表示，“房地产信托的兑付风险都依靠PE来接盘肯定是不现实的，目前PE的实力也达不到。但是，PE对一些优质项目的兴趣比较大，也是一支不可忽视的力量。”</p></div>','1');
INSERT INTO `oa_news` VALUES ('3','14','银监会拟引入银行理财业务和机构准入制度','银行理财','银行理财业务的迅猛增长，倒逼监管的步步升级。','1','银行理财业务的迅猛增长，倒逼监管的步步升级。记者从业内获得的最新统计数据显示，截至2012年末，各银行共存续理财产品32152款，理财资金账面余额7.1万亿元，比2011年末增长约55%。年初以来，银监会已将理财业务列为今年的重点监管工作。消息人士透露，对理财产品加大监管主要表现在两方面：一是将派出机构对银行理财产品销售活动进行专项检查；另一方面，将“资金池”操作模式作为现场检查的重点，“要求商业…','1363141499','1363148135','银行理财业务的迅猛增长，倒逼监管的步步升级。<p>记者从业内获得的最新统计数据显示，截至2012年末，各银行共存续理财产品32152款，理财资金账面余额7.1万亿元，比2011年末增长约55%。</p><p>年初以来，银监会已将理财业务列为今年的重点监管工作。消息人士透露，对理财产品加大监管主要表现在两方面：一是将派出机构对银行理财产品销售活动进行专项检查；另一方面，将“资金池”操作模式作为现场检查的重点，“要求商业银行在2-4月份首先对‘资金池’类理财产品进行自查整改。”</p><p>随着理财业务的过快发展，监管部门对于理财业务参与机构的风险管理能力、资产管理能力等方面表现出担忧，特别是城商行和农村合作<a href="http://licai.so/Jgzl/" target="_blank">金融机构</a>。消息人士称，因此，监管部门正在酝酿开展理财业务的机构准入和业务准入制度。</p><p><strong> 严禁银行理财输血地方融资平台</strong></p><p>银行理财业务自2005年发端，至今经历了七年发展期。但时至今日仍有部分银行对理财业务的发展缺乏明确的战略定位，并未真正树立起“代客理财”的理念。</p><p>银行每季度末为冲规模大量发行期限短、收益高的理财产品，表明部分银行仅将理财业务当作其自营业务的附属，当存款规模紧张时，就通过发行保本、高收益产品争揽存款；当贷款规模紧张时，就通过理财实现贷款规模表外化，把银行理财作为“高息揽储”和“变相放贷”的工具。</p><p>记者了解到，监管部门因此要求商业银行董事会及高管层要对理财业务进行清晰的战略定位，避免理财业务沦为其他业务的调节工具和手段。</p><p>此前，部分银行将理财业务视为“变相放贷”的工具，通过规避银信合作监管规定的方式来开展项目融资，如以银证、银保、银基合作的方式，投资于票据资产或其他非标准化债券类资产。</p><p>记者获得的数据显示，截至2012年末，项目融资类理财产品余额同比增长了53%，占全部理财产品投资余额的30%，超过2万亿元。</p><p>前述消息人士透露，为了控制去年以来迅猛增长的银证、银保、银基合作等通道类业务所蕴含的风险，监管部门要求商业银行开展此类业务全程确保合规，这包括，首先要界定好投资过程中的法律关系；其次要在尽职调查的基础上合理安排交易结构和投资条款；第三，要求产品说明书要按照“解包还原”的原则充分披露；第四，要对最终投资标的的资产进行实质性管理和控制；最后还要求目标客户必须满足合格投资者的相关要求。</p><p>对于理财产品销售过程中的不规范行为，监管部门将针对这一环节进行专项检查，并计划要求银行通过投资者教育的门户网站来公示预期收益率和实际收益率的对比情况。</p><p>理财资金投向方面也要严格把关。银监会强调商业银行应严格限制资金通过各类渠道进入地方政府融资平台、“两高一剩”企业、商业房地产开发项目等限制性行业和领域。“特别强调要防止地方政府融资平台绕道通过银行理财进行直接或间接融资。”消息人士称。</p><p>银监会公布的数据显示，截至2012年末，政府融资平台贷款为93035亿元。</p><p><strong>中小机构冒进 监管层酝酿准入制度</strong></p><p>去年以来，中小金融机构特别是城商行和农村合作金融机构大量参与理财市场更加激进。记者获悉，大型银行和股份制银行在理财业务的市场份额已从2011年的88%，下降至2012年的83%。</p><p>理财业务发展过快而参与机构良莠不齐，引发监管部门的担忧。同时，部分机构还存在风险管理能力不足、业务开展不够审慎的问题。</p><p>如根据银率网的统计数据显示，今年2月份共有22款理财产品未达到预期收益率，其中有15款均为南洋商业银行所发行的产品。</p><p>而且，部分中小银行由于缺乏自主的产品设计能力，在与券商、基金、资产管理公司合作时，缺乏对产品风险和收益的实际控制权，极易沦为合作方的资金募集通道，一旦出现风险只能被动接受。</p><p>消息人士透露，对于此类风险管控能力较低、资产管理能力和专业素质还不足的中小金融机构，银监会将对其能够从事多大规模的理财业务，进行严格把关和密切监测。制定一套开展理财业务的机构准入和业务准入制度也纳入监管部门的计划中。</p><p>值得注意的是，一些创新型理财产品，如股权类投资、股票基金类投资和另类投资等，监管部门考虑到其高风险和结构复杂性，其发行将会受到严控。“特别是中小银行金融机构发行此类理财产品时，将需要逐笔上报银监会，加强合规性审查。”</p><p>此外，监管部门还注意到，部分银行存在将理财产品持有的资产与其他理财产品持有的资产，或银行自营业务资产，通过非公允的市场价格进行交易的违规行为。更有银行将一些较高收益率的理财产品销售给特定关系人，涉嫌利益输送。</p><p>银行理财业务存在的问题引起多部委的注意。记者获悉，去年，中纪委和监察部国家预防腐败局办公室也曾就此问题与银监会进行过专门的探讨，对于银行理财产品设计和交易中可能存在的腐败问题，中纪委、监察部和银监会都将进一步密切关注。</p>','1');


# 数据库表：oa_node 数据信息
INSERT INTO `oa_node` VALUES ('1','Admin','后台管理','1','','10','0','1');
INSERT INTO `oa_node` VALUES ('2','Index','平台首页','1','111','1','1','2');
INSERT INTO `oa_node` VALUES ('3','Member','注册会员管理','1','111','3','1','2');
INSERT INTO `oa_node` VALUES ('4','Webinfo','系统管理','1','','4','1','2');
INSERT INTO `oa_node` VALUES ('5','index','默认页','1','','5','2','3');
INSERT INTO `oa_node` VALUES ('6','myInfo','我的个人信息','1','','6','2','3');
INSERT INTO `oa_node` VALUES ('7','index','会员首页','1','','7','3','3');
INSERT INTO `oa_node` VALUES ('8','index','用户列表','1','','8','14','3');
INSERT INTO `oa_node` VALUES ('9','addAdmin','添加管理员','1','','9','14','3');
INSERT INTO `oa_node` VALUES ('10','index','系统设置首页','1','','10','4','3');
INSERT INTO `oa_node` VALUES ('11','setEmailConfig','设置系统邮件','1','','12','4','3');
INSERT INTO `oa_node` VALUES ('12','testEmailConfig','发送测试邮件','1','','0','4','3');
INSERT INTO `oa_node` VALUES ('13','setSafeConfig','系统安全设置','1','','0','4','3');
INSERT INTO `oa_node` VALUES ('14','Access','权限管理','1','权限管理，为系统后台管理员设置不同的权限','0','1','2');
INSERT INTO `oa_node` VALUES ('15','nodeList','节点列表','1','节点列表信息','0','14','3');
INSERT INTO `oa_node` VALUES ('16','roleList','角色列表查看','1','角色列表查看','0','14','3');
INSERT INTO `oa_node` VALUES ('17','addRole','添加角色','1','','0','14','3');
INSERT INTO `oa_node` VALUES ('18','editRole','编辑角色','1','','0','14','3');
INSERT INTO `oa_node` VALUES ('19','opNodeStatus','便捷开启禁用节点','1','','0','14','3');
INSERT INTO `oa_node` VALUES ('20','opRoleStatus','便捷开启禁用角色','1','','0','14','3');
INSERT INTO `oa_node` VALUES ('21','editNode','编辑节点','1','','0','14','3');
INSERT INTO `oa_node` VALUES ('22','addNode','添加节点','1','','0','14','3');
INSERT INTO `oa_node` VALUES ('23','addAdmin','添加管理员','1','','0','14','3');
INSERT INTO `oa_node` VALUES ('24','editAdmin','编辑管理员信息','1','','0','14','3');
INSERT INTO `oa_node` VALUES ('25','changeRole','权限分配','1','','0','14','3');
INSERT INTO `oa_node` VALUES ('26','News','资讯管理','0','','0','1','2');
INSERT INTO `oa_node` VALUES ('27','index','新闻列表','1','','0','26','3');
INSERT INTO `oa_node` VALUES ('28','category','新闻分类管理','1','','0','26','3');
INSERT INTO `oa_node` VALUES ('29','add','发布新闻','1','','0','26','3');
INSERT INTO `oa_node` VALUES ('30','edit','编辑新闻','1','','0','26','3');
INSERT INTO `oa_node` VALUES ('31','del','删除信息','1','','0','26','3');
INSERT INTO `oa_node` VALUES ('32','SysData','数据库管理','1','包含数据库备份、还原、打包等','0','1','2');
INSERT INTO `oa_node` VALUES ('33','index','数据库备份','1','111','0','32','3');
INSERT INTO `oa_node` VALUES ('34','backup','备份数据库','1','','0','32','3');
INSERT INTO `oa_node` VALUES ('35','restore','数据库导入','1','','0','32','3');
INSERT INTO `oa_node` VALUES ('36','restoreData','执行数据库还原操作','1','','0','32','3');
INSERT INTO `oa_node` VALUES ('37','delSqlFiles','删除SQL文件','1','','0','32','3');
INSERT INTO `oa_node` VALUES ('38','sendSql','邮件发送SQL文件','1','','0','32','3');
INSERT INTO `oa_node` VALUES ('39','zipSql','打包SQL文件','1','','0','32','3');
INSERT INTO `oa_node` VALUES ('40','zipList','查看已打包SQL文件','1','','0','32','3');
INSERT INTO `oa_node` VALUES ('41','unzipSqlfile','解压缩ZIP文件','1','','0','32','3');
INSERT INTO `oa_node` VALUES ('42','delZipFiles','删除zip压缩文件','1','','0','32','3');
INSERT INTO `oa_node` VALUES ('43','downFile','下载备份的SQL,ZIP文件','1','','0','32','3');
INSERT INTO `oa_node` VALUES ('44','repair','数据库优化修复','1','','0','32','3');
INSERT INTO `oa_node` VALUES ('46','deptList','部门列表','1','','0','14','3');
INSERT INTO `oa_node` VALUES ('47','sys','管理首页','0','','0','2','3');
INSERT INTO `oa_node` VALUES ('49','adminList','用户管理','1','','0','14','3');
INSERT INTO `oa_node` VALUES ('50','App','应用管理','1','','0','1','2');
INSERT INTO `oa_node` VALUES ('51','index','应用列表','1','','0','50','3');


# 数据库表：oa_role 数据信息
INSERT INTO `oa_role` VALUES ('1','超级管理员','0','1','系统内置超级管理员组，不受权限分配账号限制');
INSERT INTO `oa_role` VALUES ('2','普通管理员','0','1','拥有系统仅此于超级管理员的权限');
INSERT INTO `oa_role` VALUES ('3','领导','0','1','拥有所有操作的读权限，无增加、删除、修改的权限');
INSERT INTO `oa_role` VALUES ('4','测试组','0','1','测试');
INSERT INTO `oa_role` VALUES ('5','TEST1','2','1','集成'普通管理员'');
INSERT INTO `oa_role` VALUES ('6','TEST11','5','1','继承'TEST1'');
INSERT INTO `oa_role` VALUES ('7','TEST111','6','1','继承'TEST11'');


# 数据库表：oa_role_user 数据信息
INSERT INTO `oa_role_user` VALUES ('0','4');
INSERT INTO `oa_role_user` VALUES ('0','5');
INSERT INTO `oa_role_user` VALUES ('0','6');
INSERT INTO `oa_role_user` VALUES ('4','7');
INSERT INTO `oa_role_user` VALUES ('2','8');
